<?xml version="1.0" encoding="UTF-8"?>
<!DOCTYPE urlrewrite PUBLIC "-//tuckey.org//DTD UrlRewrite 3.0//EN"
    "http://tuckey.org/res/dtds/urlrewrite3.0.dtd">

<urlrewrite>
    <rule>
        <from>^/login.html$</from>
        <to type="forward">/login.jsp</to>
    </rule>
    <rule>
        <from>^/admin/flushCache.html$</from>
        <to type="forward">/admin/flushCache.jsp</to>
    </rule>
    <!-- The following fixes a bug in XFire:        -->
    <!-- http://jira.codehaus.org/browse/XFIRE-1089 -->
    <rule>
        <from>^//services/(.*)$</from>
        <to type="forward">/services/$1</to>
    </rule>
</urlrewrite>

